id,feature_0,feature_1,target
0,0.21409374413020396,-1.245738778711988,1
1,0.5298041779152828,1.4415686206579004,1
2,0.17770100093325383,-1.3353443587101013,1
3,-1.1437262073206618,0.10855970577652314,1
4,0.22409248181041677,0.01259240078179486,0
5,-0.12791759148076653,-0.9555404406004258,0
6,-0.23894804686640975,-0.9075636620415979,0
7,0.9843223984765838,-0.21398884422550896,0
8,-0.24574306408594432,-0.2727235697476705,0
9,1.3993554365860021,0.9246336829127688,1
10,0.9504238381860503,-0.5769036556624031,0
11,0.34272534637770413,0.4567532191537839,0
12,-0.06413834659299254,0.3287624103034804,0
13,0.25755039072276437,-0.07444591576616721,0
14,0.49822174849678513,1.1401490385212665,1
15,0.06699071722487192,0.5159392177040995,0
16,0.03408346825922607,-0.7699732310586418,0
17,-0.5503051538454201,-0.6716233679380516,0
18,0.14088624691120394,-1.7684393655628516,1
19,0.2891686439078181,2.4553001399108942,1
20,-1.024186824329205,1.8540925663341883,1
21,-0.08268068584269925,-0.12174750838328353,0
22,-1.169916835710288,-2.8722622132816493,1
23,0.09767609854883172,-0.7730097838554665,0
24,0.056649924897107164,0.5296927543567308,0
25,0.9694572005267368,0.42719436187168486,0
26,1.0225704320096403,2.439752406339273,1
27,2.4457519796168263,0.1292211819752275,1
28,2.0243096232868525,-1.3631740045928105,1
29,-0.7128457826771644,0.10643022769189683,0
30,-0.7303666317171367,0.21645858958197486,0
31,-1.7730324682068814,1.2619215007139917,1
32,0.04852162794482699,-0.8309501164110378,0
33,1.642015160136369,1.0098170893426341,1
34,0.22213377163371284,-0.4787486216634773,0
35,-0.05489400061628639,0.28555407485765694,0
36,0.9356783931474612,1.2715550949941588,1
37,-0.1681438185847896,-0.47209057769712737,0
38,-0.012246772846914623,-0.8972543714858315,0
39,1.2557561255735208,-0.8946073022195039,1
40,0.7082144232565571,0.23321613126350166,0
41,0.07005216311318138,1.1618783026081905,1
42,-0.5462444482524828,0.3918040054025465,0
43,-0.9993022322949108,-0.5047749212282174,0
44,-0.4532484090230134,1.4524675344707454,1
45,-2.4716445001272893,-0.7968952554704768,1
46,-1.0909664302151982,-0.4108142879545848,1
47,0.20965941527462578,-0.49163618563204736,0
48,1.3821589910375272,0.6487098875896427,1
49,0.3686733088729012,-0.3933388123273607,0
50,0.28586539072490497,0.334456789987025,0
51,0.07863519031609059,-1.9982006845321076,1
52,-0.03275327021599839,-0.543424771133765,0
53,0.793488720552213,-1.7485319732381808,1
54,0.3384964074944141,-0.4152879139008013,0
55,-2.5302875227463297,-0.2860042218801108,1
56,1.1260502507721681,-0.05139372358848624,0
57,1.5655240292343404,-0.0657502610729878,1
58,-0.8392175232226385,-0.3092123758512146,0
59,0.12810441491078928,-0.6810516574748808,0
60,-0.5176112990361714,0.2237879516388985,0
61,-2.123895724309807,-0.525755021680761,1
62,-0.48943944251822213,1.044160877069072,1
63,-0.0332299906444608,-0.2081168572725397,0
64,-0.23893209916969432,-0.36682441181468756,0
65,0.6191542610051978,2.0574954697116987,1
66,1.7275431701007113,0.4363236696740321,1
67,0.5131057981760827,-0.2595466775839172,0
68,-0.01941960588773261,-0.30317978283427544,0
69,0.1605739810498646,0.0030460201534144695,0
70,1.2969945465611092,-0.022868062298882122,1
71,0.07580455819372633,-0.6771617115121117,0
72,0.541462728204788,0.7591551603026468,0
73,2.013387247526623,0.13653533108273744,1
74,0.82206015999449,1.8967929826539474,1
75,0.6347214685617699,1.1096998419562232,1
76,0.3227185603380895,-0.827230943552323,0
77,1.6286155455712918,-1.3801014582148914,1
78,-0.9273531341905741,0.23836898273478513,0
79,-1.6151318159055095,1.1647393544571714,1
80,-0.34268759408034877,-0.37144086599579146,0
81,-1.0623037137261049,0.4735924306351816,1
82,1.6122782579886454,1.3149144535840473,1
83,0.6127739050625697,-1.0534155631736561,1
84,-2.6968866429415717,-0.05429486651781221,1
85,0.09612077694098337,-0.4622752887050425,0
86,-1.7787202489042786,1.496044311489183,1
87,-1.1509935774223028,0.37569801834567196,1
88,1.091310120594269,0.609138120907177,1
89,0.27669079933001905,0.8271832490360238,0
90,0.1684609762696143,1.3175975356079597,1
91,0.1920491164900316,-0.3091164642025014,0
92,1.2816437950037687,0.5576910607251245,1
93,1.3103087461196083,1.395683810789956,1
94,0.655900776529761,0.19473619471877485,0
95,-0.3540407109410238,-0.573601772896901,0
96,0.08243975293450329,-1.4575514994649306,1
97,-1.006017381499702,-1.2141886127877322,1
98,0.812525822394198,1.356240028570823,1
99,-0.3427145165267695,-0.8022772692216189,0
100,1.0560568090660518,0.22323891412915967,0
101,-1.053682419146354,-1.067802921579193,1
102,-1.2391070756539009,-1.46752526575244,1
103,0.2704568257798388,-0.05023810944913695,0
104,-0.26940683444455776,0.7175422557959623,0
105,0.132969674146876,-0.7001208149391732,0
106,2.6443433470170348,-1.5029703283951532,1
107,-1.4063174636718339,-0.08310557262869477,1
108,-0.4263575962055433,1.1484457091967548,1
109,-0.04692057887918407,0.47704082722312147,0
110,-1.0065425652796411,1.1398785611290454,1
111,0.41293145427562433,-0.5637245528039747,0
112,-0.8275902206487197,0.08614388304637476,0
113,1.1873860515647512,2.589563642018614,1
114,-0.898414671348358,0.4919191715065057,0
115,0.173180925851182,0.3853173797288368,0
116,0.24196227156603412,-1.913280244657798,1
117,0.36163602504763415,-0.6451197546051243,0
118,-0.007972641316617372,1.4799441388900259,1
119,-0.7043436905427592,-1.4084612963635597,1
120,-0.4646172972983931,0.2011596558728393,0
121,0.4933179008808892,0.1848361236948739,0
122,0.3514482075415829,1.0701502383164274,0
123,-1.4438548161335418,-2.296180953137238,1
124,0.9261775475316414,1.9094166404701305,1
125,0.15041890514357642,0.3649610024662254,0
126,-0.13845598398377382,-1.2242982362893657,1
127,-1.801057734152739,-0.5426737997340217,1
128,-1.0676204293825944,-0.1423794850212935,0
129,0.045571839903813784,-0.6516003476058171,0
130,1.0584244868495878,-1.7587394864231143,1
131,0.9638791167949097,2.2105230015913513,1
132,0.33231401197959165,-0.7484865365565536,0
133,-0.38817681854122876,0.1704162223754877,0
134,0.03800347816820029,0.1200313267182613,0
135,0.024510174258942714,0.49799829124544975,0
136,-0.47193186578943347,1.088950596967366,1
137,-0.9232332461109043,-1.3516846056163336,1
138,-0.759132661553698,0.15039378647620763,0
139,-1.0651136630753726,-0.30522470435466764,0
140,-0.16711808031685435,0.14671368643332283,0
141,0.6241198170521551,0.6283455092642799,0
142,0.6078965097165392,0.1866091231563581,0
143,-1.7249178325130328,-0.5622875292409727,1
144,-1.5981243518837476,0.46217266608194285,1
145,0.7472936051232618,0.6103702654334648,0
146,0.7326400772155792,-0.08071658010858232,0
147,1.1731246375866413,0.3696421921980939,1
148,-0.7728252145375718,-0.23681860674000887,0
149,1.42274813609994,0.9262154022415924,1
150,0.6327818661062848,2.270692857804396,1
151,1.030999522495951,0.9312801191161986,1
152,-0.8222203955664315,0.2436872114919123,0
153,-0.6465728842425266,-1.081548003614395,1
154,-0.16128571166600914,0.4040508568145384,0
155,0.18970616761039566,-0.6619821777966091,0
156,0.6704806172412126,-1.0718572330401555,1
157,-0.5956612940434921,1.3744380931708173,1
158,-0.08836295920533532,-0.3700110298821277,0
159,1.2130976999791834,0.14171691363990474,1
160,-0.16306696394376388,-0.7449026448064491,0
161,-0.9037018607301281,0.324359281721603,0
162,-0.5172884501003722,1.40934744018558,1
163,0.01300189187790702,1.4535340771573169,1
164,0.3088330125989638,1.702214944635238,1
165,-0.09858813228426173,0.018849622944847662,0
166,0.7077519354554754,-0.5624667758942676,0
167,-0.36244094140313216,-1.1196698946261439,1
168,0.7589285897867651,0.2811914239693758,0
169,0.5689830791852754,1.628396623128538,1
170,0.12229750303228377,0.5432980290363879,0
171,0.6385924587773739,-1.6615200622689599,1
172,0.5556044660034485,0.08958068125524882,0
173,-0.8224199323822006,1.1210306673244714,1
174,-0.3653215513121087,0.1846803058649084,0
175,-1.234348871879922,-0.5924642591528942,1
176,-0.8397218421807761,-0.5993926454440222,0
177,-0.24032539815813503,-0.3748208075495975,0
178,-1.556581898659751,-0.4281151609659125,1
179,-1.5839028234857233,0.7604146561442974,1
180,0.9648516330974576,1.6155828235482317,1
181,1.66125921454787,-0.45709625658627184,1
182,0.29612027706457605,0.26105527217988933,0
183,2.1573082132655035,-0.6057149230033384,1
184,-0.5642475986573886,0.18455130319703697,0
185,-0.6800247215784908,0.23225369716100355,0
186,-0.20902325728602528,-0.8505204542093001,0
187,0.08658978747289992,-0.15567723539207948,0
188,-0.025574312191994436,-1.7690759048891183,1
189,1.100959634998571,1.9583474542205939,1
190,-0.6237689606958051,1.9140313538667861,1
191,-0.07443342910004629,0.620672097550678,0
192,1.196631486645651,-0.6097829043193822,1
193,1.593186626639397,-0.5112156764311852,1
194,0.650201177958661,-0.09917586377938291,0
195,0.9751197334177512,-0.14705738150213865,0
196,0.5935567222808619,-2.9403886346642802,1
197,-1.1790397911598025,1.1876793884615637,1
198,1.1241127199860135,0.9475264621228578,1
199,0.8339221545489041,0.4591800792284367,0
200,-0.8604133652839524,-0.38455554422982535,0
201,1.551151975522523,0.11567463429285867,1
202,-1.6009039784765156,-0.828497024780246,1
203,1.0325462043416573,1.1267051368275833,1
204,0.6818914896263114,1.8467073257360336,1
205,-0.31905393566661816,-0.796025856803489,0
206,0.36139560550841393,1.5380365664659692,1
207,0.1018562952619867,1.5490201514951873,1
208,0.6215718898560508,-0.36961033604363397,0
209,0.29307247329868125,-0.7143514180263678,0
210,-1.0469109826819396,0.5366527525272862,1
211,0.6779258713392691,-0.48791140814570266,0
212,0.9135846262332494,-0.8031789506803448,1
213,0.3078017688920592,-1.7101683926566256,1
214,1.305478807154329,0.02100384163275905,1
215,0.820482181197364,0.5072740311072977,0
216,1.7976865268495226,0.6408428612670098,1
217,0.08840688629184736,1.4775300810552618,1
218,-0.9913923494563072,-2.153390113603715,1
219,0.3904648499288896,-0.10322175293249623,0
220,0.08865759096143744,0.1973157074055956,0
221,0.742095372009307,0.2992925804064919,0
222,-0.846793718068405,-1.5148472246858646,1
223,-0.06607979864731657,-1.2110161997624567,1
224,1.5945050632249722,-0.8469613483183278,1
225,1.0062928092144405,-0.5768918695231487,1
226,-1.6929568141953855,-0.09833962679474989,1
227,2.056207129940322,-1.1032083657216831,1
228,0.40981865692851255,-0.24125765461854246,0
229,2.5269324258736217,-0.5308687729203206,1
230,0.26705026586925884,0.889630795623437,0
231,0.9531250453760867,0.513085420097293,0
232,0.9192289345752035,-0.668144085538994,0
233,0.37114587337130883,-0.6039851867158206,0
234,-0.1340171666729177,0.014688194729197093,0
235,-1.377669367957091,-0.9378250399151228,1
236,0.9960476858058164,-0.7567950885694608,1
237,0.5462842480036996,0.0064222698109378164,0
238,0.17989415115347845,1.3920022863445993,1
239,-0.5551995266931984,1.8811570694405901,1
240,1.1492733262856758,-0.7031764251258874,1
241,-0.7691423497872982,-0.9399031011088647,1
242,-0.646227309843803,1.775310892609512,1
243,-0.4830610516834395,0.14679301198554937,0
244,-0.5711789897827968,0.5725827813561586,0
245,-0.026521259249060063,-0.8818746512277178,0
246,0.6628812686674127,1.173473857485325,1
247,0.7094518171390395,-0.43548637056984335,0
248,0.2799686263198203,-1.1254890472983765,1
249,0.5150476863060479,3.852731490654721,1
250,-1.4075116947178212,-0.7778166875908753,1
251,-0.661786464768388,0.852433334796224,0
252,0.5697672802322039,0.44770856001731496,0
253,-0.2176812032272203,1.09877685198719,0
254,-1.5929937335316693,0.440474737960399,1
255,-0.6269670577877674,1.8124485579969287,1
256,-0.6056155397368641,1.8260097135469362,1
257,-0.020901593964148132,0.117327383308782,0
258,0.32692737376416264,-0.21910052880886424,0
259,2.0740826697499735,-0.9193845915864234,1
260,-0.7355299425897666,1.2360931752104374,1
261,-0.0771017094141042,0.3411519748166439,0
262,0.6585442726728304,2.0102045387663496,1
263,-0.5441140021141926,-0.1627929060722942,0
264,-0.6492775450660071,-1.2239402667622565,1
265,-0.535963445114048,0.8080577982811451,0
266,1.0760071385985983,0.02131164867194222,0
267,-0.6127886904843862,-0.38770155993598415,0
268,0.4384757388097273,0.019616657693989903,0
269,-0.31984752325484395,0.15175799224874037,0
270,-0.3216350512173826,2.076747983560841,1
271,0.1335409047822823,-0.1524698363805439,0
272,0.27157883719537346,-1.2767485758203094,1
273,0.2110174672026184,-0.09671311187039239,0
274,0.7533416211045325,0.38115838488277776,0
275,-0.7728776678236091,0.4070522871245351,0
276,-0.12094814860778157,0.41953244390702776,0
277,0.8604734883597454,-0.5830774385689385,0
278,-0.4344962274323156,-0.30917212346863937,0
279,1.8820244964750337,1.3454200461549777,1
280,-3.0195121558208253,0.18384954475369486,1
281,1.5033983017671506,0.8773622905756714,1
282,-2.0674421000398766,-0.08912003951278841,1
283,0.9653974845911707,1.2361307218062179,1
284,0.7223813578277714,-0.372833152091767,0
285,-1.6834381922209503,-0.8058700664961888,1
286,-0.194908280352681,1.1337700968670645,1
287,0.9983108981479604,-0.4316203127180484,0
288,0.02421945667275807,1.4122205554154292,1
289,-1.1105758454658288,1.7522704434236227,1
290,1.360658595838651,-1.308820399119112,1
291,1.5805406865683735,-1.0150941918278686,1
292,1.4926885689595217,-0.2711236010425688,1
293,-1.2096947428411076,0.5999287299962045,1
294,0.8696059201056602,1.355637858804951,1
295,-2.211861911329507,1.5334337012963255,1
296,-1.3471262895296965,-0.9716140385106515,1
297,2.1531824575115563,-0.7673475628880495,1
298,-1.4183657329330317,-1.7608088119807759,1
299,-0.6373871273065177,1.1890165311075518,1
300,1.188913371474643,0.7083038472010638,1
301,-0.07049877805909122,0.4865016438262019,0
302,-0.4827435221820324,-0.9533286082587124,0
303,-1.6074832345612275,0.1846338585323042,1
304,-0.6734906242438685,0.27899416222380197,0
305,0.4810092317367132,0.22388402427913137,0
306,0.42881650033057295,0.6931056072631441,0
307,-0.03471176970524331,-1.168678037619532,1
308,-0.01926037973439464,-0.2628908292082677,0
309,-1.092312764672579,-0.3164084496948019,0
310,-0.4455025214007718,1.453384477117701,1
311,0.11958036841415326,-0.9730689408815555,0
312,-1.2601647651725802,-0.6163614080394775,1
313,1.277664895788425,-0.5915713888358299,1
314,0.09933230542922587,0.751387123371789,0
315,0.36659824609684827,-0.9398797863273552,0
316,2.1221561970126332,1.0324652605511468,1
317,0.46642998243352635,-0.03564148229748357,0
318,0.0005279588565972928,0.6012067489291149,0
319,-0.2590421458207031,-0.19634984908497827,0
320,-0.9824873935383096,-0.2246331499970246,0
321,0.06980208499001891,-0.3853135968617602,0
322,-0.7020530938773524,-0.3276621465977682,0
323,0.9633761292443218,0.4127809269364983,0
324,0.39241596717876703,-0.5089636257074988,0
325,-0.78489831308224,0.648280433843859,0
326,-0.8096035199216461,0.4240610444640897,0
327,0.43693816974634986,1.1906462747863413,1
328,-0.02435459226098284,2.1422703586118637,1
329,-0.883857436201133,0.1537251059455279,0
330,0.7216720640432351,-1.1290517712172292,1
331,-1.8362053731032966,0.5079913269125437,1
332,-0.17018462252492844,-0.4532280493272752,0
333,0.25988279424842353,0.7818228717773104,0
334,0.19109906801990334,0.04643654815614881,0
335,0.29875290836568624,-0.7517910500951843,0
336,1.3902075490173134,0.5578103063518622,1
337,-0.20812225035727522,-0.4930009346588328,0
338,3.0788808084552377,1.1195749114345768,1
339,-0.7563507452843033,-1.4222537095976742,1
340,-0.32267983884213575,-0.25083301645504735,0
341,1.4027943109360992,-1.4018510627922809,1
342,1.6324113039316352,-1.4301413779606327,1
343,0.8700677306887542,0.49568188797260465,0
344,0.6387302220291846,-1.1430049127304835,1
345,-0.30920907704986345,-0.7521564055905832,0
346,-1.4153707420504142,-0.42064532276535904,1
347,0.32674476460232005,0.30047435961082836,0
348,-0.23093453020867796,0.6962063648134184,0
349,-0.7904744554453119,0.4714683571359957,0
350,-0.7345915767980492,-0.810252437014381,0
351,0.7569886166453519,-0.9221653241776254,1
352,0.7783610761666377,-0.5511857163285334,0
353,-0.13263374638257355,-0.9745293046706415,0
354,0.6157711497711416,1.2038844371688162,1
355,0.31917451041918043,1.3404504460231446,1
356,-0.24123605785632987,0.3520553965142968,0
357,-1.8707919210258557,-0.35151348404130867,1
358,0.25602973431387566,0.9826909839455139,0
359,1.465648768921554,-0.22577630048653566,1
360,1.6122206282554243,0.8968393158655319,1
361,-1.5811907020321334,0.8950383140761154,1
362,-1.1808128153088449,1.114321694668872,1
363,-0.622649361734452,0.1946074552372427,0
364,0.0012054753622242368,-0.8170886310681906,0
365,-0.6117690909052854,-0.03703679704841202,0
366,-1.7033824393551547,-0.05554769889661878,1
367,0.028744822934817487,1.2784518626072987,1
368,0.25972250172148187,-0.9043166251044086,0
369,-0.8756182533847572,-1.382799730964336,1
370,0.3230792731160291,-0.2523535021262876,0
371,0.513907849658915,0.17958178193959795,0
372,-0.6947131310890582,-0.409282438113104,0
373,-0.6255627015095294,0.39580353343740904,0
374,-1.9187712152990415,-0.026513875449216878,1
375,-0.07160125941406395,-0.03722223650984159,0
376,-1.5566291735239037,0.6060099513456396,1
377,-0.32034730819432017,0.4241659464019164,0
378,-0.04015795064434341,-1.4307751021180481,1
379,0.8294748419317485,-0.19382613877280352,0
380,0.5931012579683838,-0.3095464393139903,0
381,-0.013497224737933921,-1.0577109289559004,0
382,1.9011906857530074,-0.060660813814620775,1
383,1.3842728185105182,0.5639091200523596,1
384,2.412615421612916,0.7846042878980238,1
385,0.21319662823768915,-0.7519693317388191,0
386,0.5866938014752747,-0.47490365662252443,0
387,2.5733598032498604,0.05921843401448826,1
388,0.538296079049633,1.0725073373098022,1
389,0.0570131248970845,0.26859227886325693,0
390,0.26739231407190295,0.3216978061960136,0
391,2.1709427174978138,-0.1758858124323366,1
392,-0.7019916878067554,-0.6629009175509482,0
393,-0.18047991359062565,3.193107567844861,1
394,-0.018708756445897416,-0.38851845308888583,0
395,-0.9983854391882915,0.30179189981946597,0
396,1.2382830714336357,0.02127157673606165,1
397,-0.5736620068802363,-0.5468589412403921,0
398,0.032004149065766624,-0.7534178703461835,0
399,-0.1601327955666404,0.6713400764504657,0
400,-0.835142901630023,2.0895387216947734,1
401,-0.7084067669104628,-1.5137143926128271,1
402,1.9647251329163893,0.03526355197172861,1
403,0.9540017634932023,0.651391251305798,1
404,0.25049285034587654,0.3464482094969757,0
405,-1.5255251709247388,-0.6919080698812444,1
406,0.12637957954641182,1.9389289990582848,1
407,0.6427227598675439,1.3291525301324314,1
408,-0.4432822511915103,-0.8848027140269009,0
409,0.517659020469123,-0.7257438131534656,0
410,1.1070806692869728,-0.12038116395359824,0
411,0.7116148780888898,-1.1246420918378692,1
412,-0.0036025390905684044,-1.1583646891925428,1
413,0.058208718445999896,-1.142970297830623,0
414,0.5436001545944323,-0.37061433208610595,0
415,0.1053755061459599,-1.3340254949182044,1
416,0.6963874474567153,0.9553052085705107,1
417,0.2337859117907477,-1.5558956462036273,1
418,-0.21113023882769444,-0.987179527151184,0
419,1.2065089665083568,-0.8169356709872361,1
420,-0.46341769281246226,-0.46572975357025687,0
421,0.42961821913258585,0.20768768716311115,0
422,-0.221253623585772,-0.27681329988892067,0
423,0.12267031599479553,1.6246784584695606,1
424,0.99626681944714,-0.4937565831613125,0
425,-1.0041407667520679,-0.7677975651041284,1
426,0.3080505395041023,-0.3916485674217911,0
427,0.17086543812794186,-0.18398333635267913,0
428,0.013929291912946203,-0.024125087110003277,0
429,-0.07964139124571515,0.4523717962497339,0
430,-0.46603650186824225,-1.5947030672667954,1
431,0.8128621188389601,0.6296288419236122,0
432,-1.072139011985607,-2.9213504834946074,1
433,-2.553921134901955,0.9343199112392737,1
434,0.5839281853259639,-0.35929209078705954,0
435,0.7660802783846903,1.2269332238843076,1
436,-0.5302576183724408,-0.7928728322623442,0
437,1.639964529371393,0.7421274910718922,1
438,1.1965715016644913,-0.15852957302697002,1
439,-0.04946370965243295,0.6748194921666038,0
440,0.9873345165891019,-0.07595102364252276,0
441,-0.8254971967925115,-0.32138584165299344,0
442,-0.643549832317462,1.0299608175811612,1
443,1.3173940656343257,0.19759960469239965,1
444,1.1487657003721035,-1.7397137787780996,1
445,1.066674689589154,1.1692955904456728,1
446,1.1792971840638264,0.06751848141010895,1
447,0.30740669780910074,0.8157372125392968,0
448,-0.32789471651291785,0.15519068385897913,0
449,0.04886007032570433,0.04059169120388238,0
450,0.45588777208160763,2.165002344901084,1
451,-0.03582603910995154,1.5646436558140062,1
452,1.0857863249393471,0.09798315347089544,0
453,-0.4593608995402441,-0.8498443694647918,0
454,0.8508979621679722,-0.13737178839939665,0
455,2.062524919243145,-1.0675329142542729,1
456,0.18186625505849516,0.24822058630033608,0
457,0.05993263026632825,0.2773769379581917,0
458,-0.8874921778021001,-0.43745830032341043,0
459,2.319329539981694,0.39331783939437187,1
460,-0.24869112618354708,1.6073455760199926,1
461,-0.19068240076334658,0.21743287317972287,0
462,0.6380511014407572,0.5008444749444569,0
463,-1.4218106667418438,1.5013336519554867,1
464,-0.6518361078021592,0.047398671316414016,0
465,0.6862601903745135,-1.6127158711896517,1
466,-2.3629324355418384,-1.0097307047099375,1
467,-0.01901620790268883,-1.0025293646378088,0
468,-1.0708924980611123,0.4824724152431853,1
469,1.7654542402810969,0.40498171096095553,1
470,0.8711247034316923,-0.32602353216784113,0
471,-1.3202332070206422,1.8314587658543537,1
472,1.4711703274936085,-0.20932367715186612,1
473,0.840620026504553,0.5467335682013793,0
474,-0.7832532923362371,-0.3220615162056756,0
475,0.26256132900192497,0.19358991136754436,0
476,-0.483186462299374,1.5739867632900328,1
477,0.5796331732135757,0.32579631658216646,0
478,-0.5765104007267194,-2.59104229214491,1
479,-0.7632591565425169,-1.804882100664519,1
480,0.7942646796218271,-1.2542894231692494,1
481,-0.6581164890752567,-0.30372602877666466,0
482,-0.46770120131189136,0.3465038817307158,0
483,-1.5625458568865427,-0.5290526773462948,1
484,-0.372206776071053,1.088748619704186,1
485,0.169360824036078,-1.4137144969049802,1
486,-1.344450511034277,-0.9186519464841982,1
487,-0.5305011476105275,-0.57581824064468,0
488,-0.7539645888666763,-0.28067507686677406,0
489,0.6141667000434252,0.7575077100473051,0
490,-0.22320225463480511,1.4898634386020821,1
491,-0.6134026635409398,-0.30246968648812833,0
492,0.3801978510059632,0.6105857452838231,0
493,0.883109777147159,-0.07783719701280203,0
494,1.502357052096028,0.07409478041977519,1
495,-0.6997255079925856,0.213979910734222,0
496,0.3506300992735592,0.4891871301476635,0
497,-2.499405714873573,2.2909425725907417,1
498,-1.4789115687741288,0.18335991977915564,1
499,0.8250982646676347,-0.8671302157109003,1
500,-0.24717738252059693,-0.6819842479977986,0
501,-1.2803043986708944,0.8724573282801447,1
502,-1.0128311203344238,0.3142473325952739,0
503,0.33088023221445706,0.8335289616089246,0
504,-0.6881503451777238,2.2524358053443088,1
505,-1.0448091940210336,-1.9663565893760018,1
506,-0.637739984251316,-0.5309969550018176,0
507,0.3885786045309641,2.4929995174327906,1
508,-1.3719011429313563,-1.6135613978767411,1
509,-0.019637798926681216,0.5524899544171478,0
510,-0.7050118557584089,-0.05576907765770601,0
511,-0.11564828238824053,-0.3011036955892888,0
512,0.06752820468792384,-1.4247481862134568,1
513,-0.5767713305683327,0.755391225825756,0
514,0.5211224283793383,0.645215585950057,0
515,-0.045586016355497805,0.24333944932269183,0
516,0.33848384346169114,-0.29540141013902943,0
517,-0.3791277409874871,-0.20358036010236177,0
518,0.14866745720211155,-0.33708597111803934,0
519,0.0754336389015928,-1.6019658118971685,1
520,-0.2525681513931603,-1.2477831819648495,1
521,1.0302834540318422,0.23878915902651351,0
522,-0.12853751143893075,-1.881849045497639,1
523,0.06023020994102644,2.463242112485286,1
524,-0.3917581490438219,-0.9224101844985025,0
525,0.41343490322370086,1.876795812558066,1
526,-0.2489641484790735,0.9715709509543554,0
527,-0.6763923020592697,1.8009404329108156,1
528,0.5470973811700379,-0.20219265243389406,0
529,-0.9006207346478687,0.638391925608383,0
530,-0.8353470532597573,2.1451491277733883,1
531,-2.650969808393012,1.0915068519224618,1
532,1.301741289398798,1.5615111967268527,1
533,1.477894044741516,-0.5182702182736474,1
534,0.08228398927542419,1.0654803750653512,0
535,-0.29756350335999193,1.3757068133116195,1
536,1.2012139221639448,-0.4080753730215514,1
537,1.7359638031652493,0.1979107834626478,1
538,-0.4694743859349521,0.5425600435859647,0
539,1.185704154662997,0.7189533106650667,1
540,-0.0952955323869521,0.27902152577033923,0
541,1.8657745111447566,0.4738329209117875,1
542,0.3241663524884421,-0.13014305436768459,0
543,-1.2946814757209058,1.1608267873785194,1
544,1.1428228145150205,0.7519330326867741,1
545,0.6725737012027313,1.8998819348952156,1
546,0.47897982574639186,0.3336621052869483,0
547,-1.3044695005048532,0.6696725488300385,1
548,1.732514999485092,2.2313001461926323,1
549,0.7999419019420501,-1.616310608436588,1
550,-0.5443827245251827,0.11092258970986608,0
551,1.2004139079444254,-0.6568942789713957,1
552,-1.183258512665775,-2.0392321777601006,1
553,-0.5574917850078336,-1.3698029795790778,1
554,-3.2412673400690726,-1.0243876413342898,1
555,0.2010990467149675,1.050654396007612,0
556,0.28328787154614216,-0.25890497370407733,0
557,-0.22647889190152676,0.3673655068161781,0
558,-0.1671217137864115,0.28257995048829965,0
559,-0.7924199209999613,-0.3079615296390403,0
560,-1.8751724696457446,0.11502607914741717,1
561,-2.172669546014036,0.8474216771504216,1
562,-0.33477533210654087,-0.4036484632419967,0
563,0.7153813154412441,0.7181857257079345,0
564,-1.448013900416244,-2.198805956620082,1
565,-0.5353281859539227,-0.09053328230416077,0
566,-0.5240883979345925,0.152354872033722,0
567,0.12522450264790727,-0.429405541125253,0
568,0.20056919723094285,1.1486373494287152,1
569,0.8231705839619146,0.07331796718840389,0
570,-0.4465149520670211,0.8563987943234723,0
571,-1.803139676255945,-1.5841359430054898,1
572,0.005243699718183166,0.046980593764742055,0
573,-0.22648409884983192,-0.9594392367234797,0
574,-0.18687164416135904,-0.4397310582741749,0
575,2.060747924881987,1.7553408424432044,1
576,-1.251539424190444,1.4437646040732595,1
577,1.4511436077950417,0.9592708260852069,1
578,-0.4461834332147797,-1.889540730945531,1
579,0.10939479460489289,0.725766623898692,0
580,-0.5245202662797737,0.48937456122791806,0
581,0.7910319470430469,-0.9093874547947389,1
582,-0.22859991534001858,-0.9943493746085122,0
583,-0.6095122021592831,-0.186971302985446,0
584,1.5231240772696573,0.5389100436846587,1
585,-0.23401985910698136,0.4663583744463345,0
586,-0.23415337472333597,-0.23413695694918055,0
587,-0.07016571145864703,-1.6609609335159914,1
588,1.884586305934609,1.543243528272189,1
589,-0.48536354782910346,0.08187413938632256,0
590,0.48473281729447476,-0.8463566549908735,0
591,1.3924653000643288,-0.2500465145989528,1
592,-1.1894118928673278,1.6426729532559634,1
593,-0.5081401976473109,-0.14778031881747153,0
594,1.158595579007404,-0.8206823183517105,1
595,1.8466369960476658,-1.0700847663261526,1
596,0.11327041053776446,-1.4382779783173667,1
597,0.36728731340134063,1.8381836767951225,1
598,1.3171150673398653,-0.11806852699107874,1
599,-0.2949496782920278,1.2477420726737338,1
600,-0.48760622407249354,-0.4325581878196209,0
601,0.924027019206901,-0.18490213644298903,0
602,-0.4473218956587512,1.281016361735113,1
603,-1.6694052811213718,0.543360192379935,1
604,-0.006070911539893324,0.8384907744516419,0
605,0.9382838059759977,-0.5160447282173739,0
606,-0.24606248812994858,-0.8432465953161917,0
607,-0.39210815313215763,-1.4635149481321186,1
608,-0.718444221252436,-0.21344715171184725,0
609,-0.9896048202585809,-0.12578692009964815,0
610,0.6222071440434019,-1.1388331177807691,1
611,-0.13944627568099954,-0.4501892648514116,0
612,0.19905969557347003,-0.6002168771587947,0
613,-0.6176518954343502,-0.31607285602704976,0
614,0.7716987106483447,-2.8485426206300755,1
615,-0.3609661658190799,1.159329803364248,1
616,-0.4523063192490767,-2.4238793266289567,1
617,-2.1356742139786955,3.1377485336599937,1
618,0.8712972974572442,-1.3459796802467485,1
619,0.6543656563540577,-0.05558467091045507,0
620,-0.7424705856980482,-1.3200225112207058,1
621,0.35701548596504734,-0.6929095952606542,0
622,0.4400144500533324,-0.5020542243526112,0
623,2.2988981236192503,-0.36283856043965906,1
624,-0.18714426500454878,0.985729995679863,0
625,-0.9746816702273214,0.787084603742452,1
626,0.2029230208512997,-1.515744114997232,1
627,0.570890510693167,1.135565640180599,1
628,-0.955122579349353,0.42359906559346105,0
629,1.246085192497629,-2.0733902324081495,1
630,-0.18039168176240783,1.3728484746765302,1
631,0.26536234939962844,-0.5827586576115821,0
632,-0.30777823495300083,0.21915032766393897,0
633,1.8489560949453452,1.1265650295477574,1
634,-0.7153037092599682,0.6795977489346758,0
635,0.028181157369128247,-0.009118996644203544,0
636,-0.47383934707091613,-0.014452270878279104,0
637,0.1764415552772252,-0.3670278390833223,0
638,-0.6248185776956788,0.026091050210833786,0
639,-0.15800789857898942,-0.42688106994742003,0
640,-1.7131345290908775,1.3538723741654128,1
641,-1.5537587660160643,0.8178896580250287,1
642,0.597400069849858,0.7011727423108983,0
643,-0.4710383056183228,0.2320499373576363,0
644,1.2657078408647007,-0.8661748482145009,1
645,1.5307508323436974,1.2187618516973167,1
646,-0.7168223206028049,-1.86653661707306,1
647,0.07156623721939247,-0.4776574467651167,0
648,0.9503075919735757,1.7106133725819253,1
649,0.22445181855997204,1.0470983026121545,0
650,-1.366878698415421,-0.22476540189268354,1
651,0.39445214237829684,-0.42098448082026296,0
652,-0.1087601484568576,0.40171172209894146,0
653,1.4412732890661155,-1.4358621511794394,1
654,0.6969544045107356,-0.33381948975600995,0
655,0.7384665799954104,0.1713682811899705,0
656,-0.6540756831274238,-1.830632896856457,1
657,0.00020706491819709385,-0.009300321138614417,0
658,-0.13744851462769186,0.9528745472029388,0
659,-0.8323555731042287,0.4714155563864041,0
660,-1.5047203740310022,0.7600559636896026,1
661,0.18102155870370695,-1.2968319479558466,1
662,1.5007597906343109,0.8502217421134929,1
663,-0.19003903500149447,-0.3574454228104272,0
664,1.0291556373256436,0.472597482413043,0
665,-1.1063349740060282,-1.1962066240806708,1
666,0.8135172173696698,-1.2308643164339552,1
667,0.5655096456315442,-1.7607627591558177,1
668,-0.7271371758248686,-0.24751863555150475,0
669,0.5597904479310398,1.0807807255546218,1
670,0.7408243454201259,-0.5132135664715852,0
671,0.594754341665286,0.8534155587803077,0
672,-1.1939250063990554,0.14294309476370676,1
673,0.5049872789804571,0.8657551941701215,0
674,0.5219415656168976,0.29698467323318606,0
675,-0.18289644110484016,1.3748764191481848,1
676,-0.877982586756561,-0.82688035403986,1
677,-1.6924646297148194,1.5295503194606137,1
678,-0.10015407647995278,-0.20367375017696587,0
679,-0.7184072655691974,0.8949243769444413,1
680,1.6871416350725648,0.8816397569494505,1
681,0.0678555105274033,0.8527736751222195,0
682,-0.8583577801812136,0.7003098794089914,0
683,-1.0962750868952018,-1.4400508825942944,1
684,-0.1343087414705478,0.8108082731597821,0
685,-2.703232292999237,0.6778753195309076,1
686,1.5475052013300616,1.7958776730955217,1
687,1.5795721457307124,-0.5228600271532683,1
688,0.26912694124510733,-0.3431922754974105,0
689,-0.021367294348436157,-0.7472116791478234,0
690,-0.44643361455052827,0.19408999289830758,0
691,0.30263546523903323,-0.7542758500193579,0
692,-0.3357846992901282,1.669021525289393,1
693,1.1081828167375165,-1.0399059271255309,1
694,0.34175597577715944,1.8761708392158862,1
695,-0.6115178029919482,-1.4066610968482223,1
696,-2.5623336587953105,-0.19102776260016902,1
697,-0.5286166817497568,0.5863640187550933,0
698,-0.8182206832334725,2.0923872756854602,1
699,-1.243863235391285,-0.6929051977959073,1
700,0.24938368371075526,1.5774532797634744,1
701,-0.971656734541286,-1.3796181647889305,1
702,-0.5227230205190395,1.0490092258368893,1
703,-2.6197451040897444,0.8219025043752238,1
704,-1.236950710878082,-1.3204566130842763,1
705,-0.8696630812746944,1.1254347844147694,1
706,2.5600845382687947,-0.09605989972464987,1
707,-1.594427658794367,-0.5993750229537729,1
708,-0.0349884904969617,1.77080063563551,1
709,0.5609194479412387,-0.29548031802916036,0
710,0.6135179727304166,-1.0227925651984056,1
711,0.19584525509768155,-0.978372777615032,0
712,0.6728612359668199,0.591814133741378,0
713,1.1894704889246406,-1.2276078151369925,1
714,-0.30803428418574125,0.7796605322693398,0
715,-0.2646568332379561,2.720169166589619,1
716,-0.10703035995455783,-1.035242322419374,0
717,-0.5893647569442115,0.8496020970210246,0
718,-0.9649234605801045,0.6860514599984393,1
719,1.0318445394686349,-1.485560373036972,1
720,1.6839276914578687,-0.45888426286894,1
721,-1.2002964070557762,-0.3345012358409484,1
722,0.06447441481012024,-1.9754665663538713,1
723,0.7250957868479971,0.5161782871149584,0
724,-0.9758732529773327,1.0536417966078395,1
725,-0.21967188783751193,0.3571125715117464,0
726,0.19808476076785494,-0.14436041192394247,0
727,-1.0016200098949155,-0.2811002928859549,0
728,-1.345870923473215,-0.8192578597214978,1
729,-0.5589218472715883,0.37721187506452086,0
730,1.5505004928140769,-0.998354040738791,1
731,0.5387559924463692,-0.9206735930793662,0
732,0.22745993460412942,1.307142754282428,1
733,-1.3598561409799192,0.7462535660272207,1
734,-0.172946059923423,1.7117084801423434,1
735,-0.42930222451725997,-0.692420979873856,0
736,0.8303358165442456,-0.8560838259088672,1
737,0.47323762457354485,-0.07282891265687277,0
738,-1.0121043752601675,-1.6548566718657693,1
739,0.3577873603482833,0.5607845263682344,0
740,-0.1769472274940494,-0.7982972445384537,0
741,0.09965136508764122,-0.5034756541161992,0
742,-0.03955515385665504,0.6815006973726244,0
743,0.16865467196672768,0.44194064956940904,0
744,0.028318376130461172,0.02975613949574519,0
745,-0.02640575695892703,0.2801611588196068,0
746,-0.4363858905265686,-0.10960980392583083,0
747,-1.5256563145700948,1.262584103427182,1
748,-0.033126972873797095,1.7945578635177877,1
749,0.6218099622171964,-1.5702247198904564,1
750,0.42588720619303577,0.01914777741575206,0
751,-0.1852876588777083,-0.12982069973342616,0
752,-1.4785862457798415,1.143754043206929,1
753,0.0917607765355023,-1.9875689146008928,1
754,-0.17262729994081963,0.8836599374866724,0
755,-1.8408742313316453,-1.2795769667357015,1
756,0.02246589281204638,0.54711911517521,0
757,-1.9937356425714554,0.37405656984757213,1
758,0.44381942814622843,0.7746340534293368,0
759,0.24075317948856828,2.601683114180395,1
760,-0.9896281365703375,0.9407711879882159,1
761,0.15985639199740037,-1.0276751409259581,0
762,0.39922312260527926,0.647195939702741,0
763,-0.7859894605079495,-1.331232953557778,1
764,-1.4785219903674274,-0.7198442083947086,1
765,0.9154021177020741,0.32875110965968446,0
766,0.7858001586508322,0.42545756178496474,0
767,0.07682189106025536,-1.2829922241885696,1
768,-0.9905363251306883,-0.5662977296027719,0
769,1.8005111815108537,1.2389463529394373,1
770,-1.090399077442846,1.41093237974627,1
771,1.073631749859772,-1.0265152994110602,1
772,-0.5297602037670388,0.5132674331133561,0
773,0.3764095260975166,-0.9020515543575104,0
774,1.1950466289248425,-1.5231869047837747,1
775,1.083051243175277,1.053802052034903,1
776,-0.08828204835125482,2.5797093376543185,1
777,-1.0810565404082624,1.0531528533329035,1
778,1.6777008140764407,-0.5535882417079946,1
779,-1.5708761520684993,-1.1267674689098053,1
780,0.4599721429391164,-0.6777153697521061,0
781,0.3109075655980046,1.475356216949552,1
782,1.6725723868377034,0.4190190093660452,1
783,-1.2608839543350452,0.9178619470547761,1
784,-0.1044492185374715,-0.16882172319001063,0
785,-1.280429352496283,1.7547941819843647,1
786,-0.966976143129213,-0.047711356141979855,0
787,0.2671266510114834,0.5087250232299338,0
788,-0.025026958745143917,0.8177662992002871,0
789,0.22391413406466143,1.3641404299738442,1
790,0.918316606002313,-1.570500603623177,1
791,-0.24415663529064868,0.9640871682883573,0
792,-0.45006547147924364,0.6228499323474987,0
793,-1.2899608997410539,-1.295078772063616,1
794,-0.6017066122293969,1.8522781845089378,1
795,1.5792128155073915,0.7674347291529088,1
796,1.0786808334312956,-0.03850846950070721,0
797,0.5365098435704035,-0.8984679817910373,0
798,0.5583269125217224,0.0760053914124115,0
799,0.5500520990245519,-0.9683444548636353,0
800,0.18676676447707832,-0.7553829323533225,0
801,-0.8084936028931876,-0.5017570435845365,0
802,0.3996879517526416,-0.651356893791829,0
803,-0.6124373746404379,0.36150352520610163,0
804,-0.42924442029866183,0.5885532697707198,0
805,0.9495541354413237,-1.4848979684499035,1
806,-1.348185422105713,0.743264094022715,1
807,1.613711269058647,0.45353430151397983,1
808,-1.19363683175648,0.9191541736100015,1
809,0.2935579321666293,-1.356581804623405,1
810,-0.8895144296255233,-0.8158102849654383,1
811,1.0375399442578992,-0.510016398854747,1
812,-0.22346598237185214,-0.3493167961181975,0
813,0.5136001065697166,-0.5327008396619114,0
814,2.1439440893253257,0.6339190223180112,1
815,0.05963036992017413,-0.6469367777055739,0
816,0.6982233136135899,0.3934853854217496,0
817,-0.025554070991445278,1.1727290192593647,1
818,-0.6013676439512137,0.31978193414253697,0
819,1.221033695525353,0.5820977034686158,1
820,-0.275051697151644,-2.301921164735585,1
821,-0.22096417382966393,0.02688583899453078,0
822,0.49097495163825133,0.7348777860498175,0
823,-0.037634702424848364,1.1033018820165215,0
824,-0.3286184757489846,0.6031874310823431,0
825,0.8254163489880298,0.8135096360006385,1
826,-1.423957152450145,-0.2666523292344148,1
827,-0.027514905050636255,1.772251596669744,1
828,-0.6414869090443096,0.487872284871074,0
829,0.28869362927985703,0.2603218387712207,0
830,-0.7925207384327007,-0.11473644146689901,0
831,-0.26987493529337125,-0.9787637157823074,0
832,2.1330333746562666,-1.9520877995225019,1
833,-0.2573765374233451,-1.6685840738775894,1
834,-0.11453984525261789,1.2378163119734618,1
835,-0.46531045678005334,-0.10594835430413566,0
836,0.020886488295961788,0.23070090571868349,0
837,-1.1701130260593595,-1.8019804375800197,1
838,0.8356921120651418,-1.129706854657618,1
839,1.0005823180429783,-0.6706202090766449,1
840,0.01843393306539316,0.34758170536167105,0
841,0.3840654489393073,-0.03269474809409311,0
842,0.12320480678448567,0.5514853760404675,0
843,-2.151815401329305,-0.7191533192424201,1
844,-0.5805234498047227,0.5885784044206096,0
845,-0.1730718242838696,0.015579047581467534,0
846,-0.5816809139486437,-1.0147567306928669,1
847,-1.6275424378831627,0.048084946661381994,1
848,2.1898029332176723,-0.8082982853551515,1
849,0.7109599682034915,0.44426331148603976,0
850,-1.0727430257398065,0.23924686411114954,0
851,-0.5487249077409615,0.09284490114111471,0
852,-0.8289950109220723,-0.5601810401969696,0
853,0.9190764829877686,-0.29027454418865134,0
854,-1.1057046684859357,-0.21492103028873533,0
855,0.40373009033660945,-0.024195606390916165,0
856,0.6901439917111125,-0.40122047188583626,0
857,-1.5193699659540134,-0.48423407286625136,1
858,2.3146585666735087,-1.867265192591748,1
859,-0.06267909727317188,0.9551423205012383,0
860,0.09707754934804039,0.9686449905328892,0
861,-0.949398888831943,2.632382064837391,1
862,-1.015821818978397,0.06167984984797165,0
863,0.5765569630557664,0.3112501545435361,0
864,-1.2221278088919454,0.7129984301723881,1
865,-1.0212328171307132,0.7083564472993533,1
866,-0.5518581458924467,2.5581992856682523,1
867,-0.19236096478112252,0.30154734233361247,0
868,-1.9792998103757877,0.7479102561175338,1
869,0.11351734525124804,0.6621306745210467,0
870,-1.3281860488984305,0.19686123586912352,1
871,0.6453759495851475,1.3686315575323487,1
872,0.32135721545027307,0.42192075423528475,0
873,-0.11232804969082982,-0.22096959953322298,0
874,1.0602099074988798,2.7596600389110777,1
875,-0.926930471578083,-0.05952535606180008,0
876,-0.10325476014904739,-1.6431888111541673,1
877,0.8576596232020194,-0.1599385299634271,0
878,-0.3649527295428853,-0.8392096673390064,0
879,1.1055259329579838,1.1870303055603801,1
880,0.11422764866203965,0.1503017614618776,0
881,-1.0372461543264564,-0.1903386780836082,0
882,-1.6064463202575725,0.2034636358672231,1
883,-0.0821511783925688,1.1172958315881276,0
884,1.1631637521549596,0.010233061019587049,1
885,0.6454841811410754,2.16325472330546,1
886,0.32316771418478146,-0.14760258629866868,0
887,0.09699596499271819,0.5951570254369136,0
888,-0.6022120603617805,0.46877425607502377,0
889,0.28099186773503265,-0.6226995198205938,0
890,1.586016816145352,-1.237815498826849,1
891,-0.2595913513636048,-1.5031429531181062,1
892,-2.025142586657607,0.18645431476942764,1
893,0.47635776935621926,0.5054701591666269,0
894,-0.6514180036144483,-0.48388583405432156,0
895,-1.1913034972026486,0.6565536086338297,1
896,0.5906548306923093,1.1087035805829077,1
897,-1.0623935281468797,0.4283070972076486,0
898,0.8071225966373103,-0.9735461997044687,1
899,-1.2257656630023412,-1.4643748802098202,1
900,0.5868570938002703,2.1904556258099785,1
901,-2.081929407883722,1.6964563682900382,1
902,0.57707212718054,-0.2030453860429927,0
903,-0.42018681709585726,-0.2817846088605072,0
904,0.020793707675407894,-0.7280029412291344,0
905,-1.3793192280145272,-0.7309300399419191,1
906,-1.8936146669537857,0.21329370737293857,1
907,-0.6459641791245353,-0.7991920066502536,0
908,-0.9194242342338032,1.5499344050175394,1
909,-0.10730214400422888,0.4477169258102776,0
910,0.632407739055521,0.9725544496267299,1
911,-0.8108575112103382,-1.2575778589146163,1
912,0.25373966149457344,0.4676931717654332,0
913,-1.5151910621985523,1.3668742674445247,1
914,-1.4480843414973241,-1.4074637743765552,1
915,0.043602446372453724,1.695051040430753,1
916,-1.111457956937032,0.24650477843200488,0
917,-0.5449190868089497,0.39913611435207086,0
918,0.6256673477650062,-0.8571575564162826,0
919,0.6337768809320985,0.41379909745149823,0
920,-0.7877837519082389,-0.620847598251116,0
921,0.9817654869915943,-0.32483138350862245,0
922,-0.07201012158033385,1.0035328978920242,0
923,1.085895565831578,0.4746982328799528,1
924,0.20838280794755248,-2.0417348684242906,1
925,0.8951932200277323,0.6351718016819695,0
926,0.6476885381006925,1.5230298564080254,1
927,-0.4606387709597875,1.0571222262189157,1
928,-0.01851313599238993,-0.2886586389201383,0
929,-0.5505368494915835,-1.2207124259141586,1
930,-0.9815086510479509,0.46210347426327075,0
931,0.8004095252276823,0.7542913298135743,0
932,2.061503576636398,1.2083662305931424,1
933,1.2171585208254965,1.5213160519224513,1
934,-0.6751782749743815,-0.14451867071551783,0
935,-1.5506634310661327,0.06856297480602733,1
936,-0.25879606266710237,1.598647170504717,1
937,-0.213442870930208,1.490726136849952,1
938,0.00511345664246089,-0.23458713337514692,0
939,-1.1875984190295128,0.3098207102270275,1
940,-0.08973569428722672,1.4401172154494728,1
941,-0.6267172245899651,0.8623934723827588,0
942,-0.015309849172995557,0.5792914996010884,0
943,0.23561455810856594,0.7708651938869668,0
944,0.6819529712949639,-0.31026675659345604,0
945,-0.47622087354465903,0.8743891807127275,0
946,1.3043402428781525,-1.6624919880356743,1
947,0.24496657110872277,-0.5069431753711298,0
948,-2.1218548990085946,-0.6078219870944325,1
949,1.6699045043514062,0.3946715298229811,1
950,-0.3486521344078592,-0.3492577043184288,0
951,-0.5621680265783021,-0.20922187374452778,0
952,0.3436182895684614,-1.763040155362734,1
953,0.9980101098596522,-2.8962553781936893,1
954,-1.2295495944524168,0.4966992232365217,1
955,-0.15178509503558332,0.5883172064845765,0
956,2.0752608726252655,-0.6891878180895679,1
957,-0.643518230380143,0.9278401280812372,0
958,0.738810480887503,0.6153674840130534,0
959,1.1581108735000678,0.7916626939629359,1
960,1.4205042479898549,-0.5707462937494763,1
961,1.8732977762175456,1.0800480657146485,1
962,1.0240625258114624,0.5925269492011831,1
963,-0.8181988834223072,-0.0033744574109520514,0
964,-1.0003313246055747,-0.6777449705248515,1
965,1.6654744444625766,1.0143700650181304,1
966,0.4940301862827388,0.2606737658239071,0
967,0.33126343140356396,0.9755451271223592,0
968,1.0391117874202687,-0.07576428653545988,0
969,-0.375196380323937,-0.31771509675623405,0
970,0.37710039390218647,-0.029262813684978354,0
971,-0.17495975669540864,-0.7557451594928447,0
972,-0.9354387020445953,1.0859821161750323,1
973,-0.9857260463355437,0.5040465155178444,0
974,-1.1958830620351844,0.4446026682201407,1
975,0.06428001909546277,-1.0777447779293061,0
976,-0.8036745679697308,1.6391168054440675,1
977,0.5112025995249807,1.3736585451629577,1
978,-1.5341141707356223,1.277676821898509,1
979,0.1733416643704082,0.24395319790850026,0
980,0.04091917539572113,-1.0021874557814727,0
981,-1.4026052717996935,1.7495767431869393,1
982,-0.2685306479058323,-0.8911922254152874,0
983,-0.11122606134870032,-0.9039076414647897,0
984,-0.4888494217862741,-1.1196174332890112,1
985,0.6523228784134196,-1.5763921569842494,1
986,-0.9393353938187543,-0.14408755572161547,0
987,1.513449743242131,0.6308116845547775,1
988,-0.773789199103573,-1.244654703311417,1
989,-1.141689114133505,-0.19365945927971812,1
990,-0.22485598180807856,-0.6500025808234597,0
991,0.5228354880354996,-0.573700003938579,0
992,0.5150352672086598,0.5137859509122088,0
993,0.7081086766885905,0.9567023167945841,1
994,1.2669111491866227,-0.7076694656187807,1
995,-0.44004448669698376,0.13074057728609134,0
996,-0.2234627853258509,0.714000494092092,0
997,0.4365598041576678,0.9039348410861953,0
998,-0.4442932600761116,0.3773004930448522,0
999,1.5421099525678756,2.006092888159123,1
